яблоки,10,15,2024-06-21
груши,16,11,2024-06-22
сливы,20,15,2024-06-19
печенье,16,23,2024-06-20
сливы,21,15,2024-06-16
яблоки,16,15,2024-06-20
конфеты Рот-Фронт,11,22,2024-06-24
сливы,6,15,2024-06-20
бананы,30,10,2024-06-21
апельсины,25,12,2024-06-21
яблоки,20,15,2024-06-23
груши,10,11,2024-06-23
печенье,8,23,2024-06-19
шоколад,15,25,2024-06-24
сливы,15,15,2024-06-17
конфеты Рот-Фронт,20,22,2024-06-25
бананы,15,10,2024-06-22
апельсины,30,12,2024-06-22
яблоки,18,15,2024-06-19
груши,12,11,2024-06-19
сливы,10,15,2024-06-20
печенье,14,23,2024-06-21
шоколад,18,25,2024-06-23
конфеты Рот-Фронт,25,22,2024-06-26
бананы,20,10,2024-06-23
апельсины,28,12,2024-06-23
яблоки,25,15,2024-06-24
груши,14,11,2024-06-24
сливы,16,15,2024-06-18
печенье,20,23,2024-06-22
шоколад,12,25,2024-06-25
конфеты Рот-Фронт,18,22,2024-06-27
бананы,25,10,2024-06-24
апельсины,22,12,2024-06-24
яблоки,22,15,2024-06-25
груши,20,11,2024-06-25
сливы,18,15,2024-06-20
печенье,22,23,2024-06-23
шоколад,20,25,2024-06-26
конфеты Рот-Фронт,22,22,2024-06-28
бананы,30,10,2024-06-25
апельсины,24,12,2024-06-25
яблоки,20,15,2024-06-26
груши,22,11,2024-06-26
сливы,14,15,2024-06-21
печенье,18,23,2024-06-24
шоколад,14,25,2024-06-27
конфеты Рот-Фронт,16,22,2024-06-29
бананы,28,10,2024-06-26
апельсины,26,12,2024-06-26
яблоки,18,15,2024-06-27
груши,16,11,2024-06-27
сливы,20,15,2024-06-22
печенье,24,23,2024-06-25
шоколад,16,25,2024-06-28
конфеты Рот-Фронт,20,22,2024-06-30
бананы,32,10,2024-06-27
апельсины,30,12,2024-06-27
яблоки,25,15,2024-06-28
груши,18,11,2024-06-28
сливы,22,15,2024-06-23
печенье,26,23,2024-06-26
шоколад,22,25,2024-06-29
конфеты Рот-Фронт,24,22,2024-07-01
бананы,35,10,2024-06-28
апельсины,32,12,2024-06-28
яблоки,30,15,2024-06-29
груши,20,11,2024-06-29
сливы,24,15,2024-06-24
печенье,28,23,2024-06-27
шоколад,24,25,2024-06-30
конфеты Рот-Фронт,28,22,2024-07-02
бананы,40,10,2024-06-29
апельсины,35,12,2024-06-29
